{
  "2010": {
    "VA": {
      "A": {},
      "B": {
        "Mecklenburg": 728.9528698021546,
        "Virginia Beach City": 1460.2848721991388,
        "Newport News City": 1632.6447549986692,
        "Chesterfield": 1278.8258862150637,
        "Accomack": 686.9695972632951,
        "Prince William": 1496.7554380047557
      }
    },
    "KY": {
      "A": {},
      "B": {
        "Laurel": 619.1541941252156
      }
    },
    "WV": {
      "A": {},
      "B": {
        "Kanawha": 1380.0169596674464,
        "Berkeley": 691.9090240814926
      }
    },
    "OH": {
      "A": {
        "Hamilton": 12615.480203836942,
        "Stark": 2911.213130950718,
        "Mahoning": 2205.3890580445845,
        "Cuyahoga": 3347.342015925521,
        "Lake": 2081.828803857034
      },
      "B": {
        "Ross": 930.9331733261523,
        "Athens": 631.0830751028909,
        "Licking": 1572.3503570456453,
        "Ashland": 730.4772128890519,
        "Wayne": 746.1446893236804,
        "Wood": 1942.9703857327856,
        "Ottawa": 1916.189204875315,
        "Erie": 1854.195487687855,
        "Lorain": 1756.9851955370923,
        "Ashtabula": 914.1135382826169
      }
    },
    "PA": {
      "A": {
        "York": 2988.050613480651,
        "Philadelphia": 32767.27106259654,
        "Allegheny": 8107.109800666357,
        "Northampton": 3184.779085645615
      },
      "B": {
        "Monroe": 1904.3220844629602,
        "Centre": 1009.9272558168672,
        "Luzerne": 1428.221223376993,
        "Lycoming": 752.0598780692422,
        "Lackawanna": 1153.548806349932,
        "McKean": 873.7815738694051,
        "Warren": 1106.137019743134
      }
    }
  },
  "2011": {
    "KY": {
      "A": {},
      "B": {
        "Laurel": 683.548999731022,
        "Perry": 692.8664128438962,
        "Hardin": 741.1143452474488
      }
    },
    "VA": {
      "A": {
        "Fairfax": 3701.244413897094
      },
      "B": {
        "Roanoke": 647.4815945686973,
        "Chesterfield": 1517.1143641591873,
        "Accomack": 658.0193145137231,
        "Spotsylvania": 727.3703998726535
      }
    },
    "WV": {
      "A": {},
      "B": {
        "Kanawha": 1715.2455878400597,
        "Cabell": 774.6600595885616,
        "Berkeley": 816.9007039726137
      }
    },
    "OH": {
      "A": {
        "Hamilton": 9922.66470811288,
        "Stark": 2772.9662627365633,
        "Mahoning": 2051.6507301882616,
        "Cuyahoga": 3301.816075834983,
        "Lake": 2340.977252362936
      },
      "B": {
        "Scioto": 808.393047078106,
        "Athens": 712.0526514643192,
        "Licking": 1740.137566298939,
        "Ashland": 737.7258357707115,
        "Wayne": 739.338168553549,
        "Wood": 1927.1235391410667,
        "Ottawa": 1910.6167721124975,
        "Erie": 1857.4472728103804,
        "Lorain": 1774.6883822567488,
        "Ashtabula": 1051.2225586904308
      }
    },
    "PA": {
      "A": {
        "York": 3328.2942303037707,
        "Philadelphia": 26414.81890820754,
        "Allegheny": 7633.57110027498,
        "Northampton": 3310.783350764511
      },
      "B": {
        "Indiana": 695.610970386213,
        "Monroe": 1791.5479763933351,
        "Centre": 834.0133042684035,
        "Luzerne": 1689.5508596581303,
        "Clinton": 718.1306386247535,
        "Lycoming": 667.051948652473,
        "Lackawanna": 1046.7560774687338,
        "Warren": 1157.567333925171
      }
    }
  },
  "2012": {
    "KY": {
      "A": {},
      "B": {
        "Harlan": 730.1391688214587
      }
    },
    "VA": {
      "A": {
        "Prince William": 2065.5971542139696
      },
      "B": {
        "Wise": 714.4306656886386,
        "Roanoke": 617.2191586188569,
        "Chesterfield": 1928.013381633888
      }
    },
    "WV": {
      "A": {},
      "B": {
        "Kanawha": 1336.6533241848904,
        "Harrison": 632.5655042956619,
        "Berkeley": 679.7811215758486
      }
    },
    "OH": {
      "A": {
        "Hamilton": 9883.854109940288,
        "Montgomery": 7411.900016512059,
        "Franklin": 5419.56662847956,
        "Cuyahoga": 16387.19092279269,
        "Wood": 2108.6506504107215,
        "Ottawa": 2086.5234312014445,
        "Lake": 2678.289933958179
      },
      "B": {
        "Scioto": 849.8521097746584,
        "Athens": 676.5537084648926,
        "Greene": 726.2987092270354,
        "Allen": 647.0270874352631,
        "Ashland": 857.1950762736394,
        "Wayne": 823.0215214659851,
        "Mahoning": 1899.3335183087565,
        "Lorain": 1609.858133865084,
        "Ashtabula": 1442.4030411975116
      }
    },
    "PA": {
      "A": {
        "York": 3531.2421362970144,
        "Philadelphia": 24780.58482858454,
        "Berks": 2413.712156187493,
        "Allegheny": 7818.200260802763,
        "Northampton": 2359.8748743776796
      },
      "B": {
        "Monroe": 1131.635797868976,
        "Luzerne": 1657.3395019481716
      }
    }
  },
  "2013": {
    "VA": {
      "A": {
        "Richmond City": 2997.07973750962,
        "Fairfax": 3421.334753398986
      },
      "B": {
        "Mecklenburg": 871.4615710563603,
        "Virginia Beach City": 1621.8954114705145,
        "Wise": 681.6136348917647,
        "Newport News City": 1092.3990661498767,
        "Northampton": 1175.1193114812538,
        "Tazewell": 660.1018235682949,
        "Campbell": 635.2476852638636,
        "Rockingham": 623.6125396751395
      }
    },
    "KY": {
      "A": {},
      "B": {
        "Madison": 687.4429505141768
      }
    },
    "WV": {
      "A": {},
      "B": {
        "Kanawha": 970.8960537854013,
        "Harrison": 612.0822040253848
      }
    },
    "OH": {
      "A": {
        "Hamilton": 10137.13518300239,
        "Mahoning": 2019.143343819447,
        "Portage": 2041.1135582734112,
        "Cuyahoga": 15534.006445665062,
        "Lake": 2799.3249762067767
      },
      "B": {
        "Scioto": 756.1170681488503,
        "Athens": 784.4580737720567,
        "Fairfield": 1677.7641726856434,
        "Belmont": 637.1009183589932,
        "Jefferson": 698.4655822483783,
        "Columbiana": 720.2193159216722,
        "Ashland": 848.1630285099526,
        "Wayne": 815.9233191921003,
        "Wood": 1963.1498542141296,
        "Ottawa": 1889.4617137551838,
        "Erie": 1811.7156011815043,
        "Lorain": 1654.8429411961836,
        "Ashtabula": 1460.3127044994262
      }
    },
    "PA": {
      "A": {
        "Philadelphia": 21205.177070072426,
        "Dauphin": 2014.8136133958433,
        "Berks": 2584.132428519109,
        "Allegheny": 8208.96798635187,
        "Luzerne": 2101.489995974947
      },
      "B": {
        "Cambria": 798.1695489579034,
        "Bucks": 653.7232723839068,
        "Monroe": 714.788513760245,
        "McKean": 796.9602641452981,
        "Warren": 961.7788149913252
      }
    }
  },
  "2014": {
    "KY": {
      "A": {},
      "B": {
        "McCreary": 646.4212836754555,
        "Bell": 681.9625168037471,
        "Hardin": 660.0435380412043,
        "Daviess": 661.1614012688996,
        "Madison": 622.6756243991194
      }
    },
    "VA": {
      "A": {
        "Chesterfield": 2207.140867022135
      },
      "B": {
        "Wythe": 600.9463754777821,
        "Wise": 678.2680708558264,
        "Tazewell": 859.3191739132218,
        "Rockingham": 639.2719764328009,
        "Prince William": 1887.6125249604245,
        "Fairfax": 852.6249904885893,
        "Loudoun": 846.3404454830325
      }
    },
    "WV": {
      "A": {},
      "B": {
        "Raleigh": 725.1397199302696,
        "Kanawha": 870.6836441204975
      }
    },
    "OH": {
      "A": {
        "Hamilton": 11181.609916826994,
        "Stark": 3939.0261404402904,
        "Mahoning": 2240.046780142816,
        "Cuyahoga": 15869.481131188577,
        "Lake": 2768.45047010261
      },
      "B": {
        "Scioto": 696.5288089273836,
        "Athens": 677.6344823992883,
        "Fairfield": 1390.1175687195619,
        "Licking": 1427.6867527414522,