{
  "start": {
    "VA": {},
    "KY": {},
    "WV": {},
    "OH": {
      "Hamilton": [
        -84.5426,
        39.1954,
        11895.613613461599
      ],
      "Stark": [
        -81.3659,
        40.8138,
        2538.683835809451
      ],
      "Mahoning": [
        -80.7753,
        41.0146,
        2115.0587091840653
      ],
      "Cuyahoga": [
        -81.6587,
        41.4243,
        12190.50443878904
      ],
      "Lake": [
        -81.237,
        41.6968,
        3002.814154513535
      ]
    },
    "PA": {
      "York": [
        -76.7265,
        39.9199,
        2989.9076484461457
      ],
      "Philadelphia": [
        -75.1338,
        40.0076,
        23430.66459220309
      ],
      "Allegheny": [
        -79.9812,
        40.4688,
        8267.752213668355
      ]
    }
  },
  "potential": {
    "VA": {
      "Chesterfield": [
        -77.5835,
        37.3765,
        1241.630348860975
      ],
      "Prince William": [
        -77.4819,
        38.7054,
        1333.2313031622928
      ]
    },
    "KY": {},
    "WV": {
      "Kanawha": [
        -81.5281,
        38.3365,
        1070.9771040196492
      ]
    },
    "OH": {
      "Athens": [
        -82.0452,
        39.3337,
        678.513191225138
      ],
      "Licking": [
        -82.4835,
        40.0918,
        874.8771792193695
      ],
      "Wood": [
        -83.62299999999999,
        41.3617,
        1880.6140411764218
      ],
      "Ottawa": [
        -83.1467,
        41.5381,
        1861.7180105499297
      ],
      "Erie": [
        -82.6178,
        41.3635,
        1249.5653725072893
      ],
      "Lorain": [
        -82.1512,
        41.2955,
        1658.1573805759847
      ],
      "Ashtabula": [
        -80.7817,
        41.8761,
        1485.3799159951438
      ],
      "Scioto": [
        -82.9928,
        38.804,
        652.8594127256113
      ]
    },
    "PA": {
      "Northampton": [
        -75.3074,
        40.7543,
        1927.7576649100656
      ],
      "Monroe": [
        -75.3394,
        41.0582,
        1150.7923742372373
      ],
      "Luzerne": [
        -75.9889,
        41.1772,
        1983.016145154713
      ],
      "Warren": [
        -79.2741,
        41.8147,
        760.4917412157606
      ],
      "Berks": [
        -75.926,
        40.4164,
        1830.2126762165526
      ]
    }
  }
}