{
  "2010": {
    "KY": {
      "A": {},
      "B": {
        "Allen": 85.04532954718901,
        "McCreary": 128.07196367575077,
        "Whitley": 174.12087567886942,
        "Bell": 146.73432397922733,
        "Harlan": 131.72712256372756,
        "Pulaski": 173.65442544547074,
        "Perry": 151.95189075740055,
        "Pike": 114.47654522917595,
        "Floyd": 82.56136734172183,
        "Madison": 186.6218201520385,
        "Johnson": 84.13527725100784,
        "Bullitt": 66.79173548093613,
        "Montgomery": 140.48132160842837,
        "Franklin": 63.18281519764296,
        "Rowan": 172.46023739580568,
        "Carter": 192.4818404076035,
        "Boyd": 245.42744761990886,
        "Fleming": 34.11449712593101,
        "Mason": 34.3714873986208
      }
    },
    "VA": {
      "A": {},
      "B": {
        "Virginia Beach City": 50.784604374463825,
        "Wythe": 51.60750271397549,
        "Tazewell": 98.93360121397673,
        "Buchanan": 98.09445038977276,
        "Chesterfield": 66.03510280104629,
        "Prince William": 147.13843178364277
      }
    },
    "WV": {
      "A": {},
      "B": {
        "Mercer": 193.91218641096418,
        "Logan": 98.2815695721047,
        "Raleigh": 134.75820728962583,
        "Kanawha": 149.5117340490557,
        "Nicholas": 51.979490620763926
      }
    },
    "OH": {
      "A": {},
      "B": {
        "Brown": 34.67638891751759,
        "Scioto": 365.4706214816975,
        "Hamilton": 930.868155243749,
        "Athens": 115.94132028547418,
        "Licking": 96.45223644784666,
        "Guernsey": 43.218099523417756,
        "Richland": 45.07994262277482,
        "Crawford": 43.26367103699241,
        "Mahoning": 111.01526831258784,
        "Seneca": 37.83281588525091,
        "Cuyahoga": 157.18825914682915,
        "Wood": 286.4177159208956,
        "Ottawa": 260.6343740670332,
        "Erie": 233.44189063537914,
        "Lake": 127.49024006434445,
        "Lorain": 180.46606534986083,
        "Ashtabula": 75.65289856269135
      }
    },
    "PA": {
      "A": {},
      "B": {
        "York": 105.75123611453883,
        "Philadelphia": 1485.1851610928652,
        "Allegheny": 266.8980239225756,
        "Blair": 62.48033201928065,
        "Northampton": 198.50171001429237,
        "Monroe": 47.08920761362751,
        "Potter": 32.87845667707485,
        "McKean": 37.96070719517489,
        "Warren": 48.53467208192495,
        "Erie": 50.40007685846906
      }
    }
  },
  "2011": {
    "KY": {
      "A": {},
      "B": {
        "Allen": 43.76758472886777,
        "McCreary": 65.10487588441184,
        "Bell": 87.29141431407538,
        "Harlan": 125.39534756213024,
        "Laurel": 177.9438482658508,
        "Perry": 219.4803651290166,
        "Pike": 116.92707631556516,
        "Floyd": 106.62646004958151,
        "Lee": 75.9981601871027,
        "Estill": 73.186959450806,
        "Jessamine": 197.36442166766113,
        "Clark": 162.00405644482086,
        "Montgomery": 156.21905596373028,
        "Franklin": 63.04002665844115,
        "Boyd": 247.6381328954467
      }
    },
    "VA": {
      "A": {},
      "B": {
        "Wise": 115.59454926443203,
        "Chesterfield": 97.34710574057159,
        "Accomack": 47.57695247935436,
        "Culpeper": 52.2982358900113,
        "Shenandoah": 65.69589064319317,
        "Fauquier": 62.94132886438011,
        "Fairfax": 193.06307629826492
      }
    },
    "WV": {
      "A": {},
      "B": {
        "Mercer": 175.56024155259024,
        "Kanawha": 168.7990169599159
      }
    },
    "OH": {
      "A": {},
      "B": {
        "Scioto": 302.4252787468013,
        "Hamilton": 300.30964979178583,
        "Athens": 130.50519331604187,
        "Pickaway": 110.88920585221979,
        "Fairfield": 123.74604486401736,
        "Belmont": 47.55340177360283,
        "Richland": 55.99251104532473,
        "Stark": 77.47608339621178,
        "Ashland": 55.25751812379169,
        "Wayne": 56.73045935748618,
        "Mahoning": 114.12218419279253,
        "Cuyahoga": 103.48084059916712,
        "Wood": 187.94548327847244,
        "Ottawa": 170.70911589564346,
        "Erie": 153.56217739762795,
        "Lake": 84.7955656359382,
        "Geauga": 61.87978152575557,
        "Lorain": 119.17887151678262,
        "Ashtabula": 69.09753471832255
      }
    },
    "PA": {
      "A": {},
      "B": {
        "York": 67.81459998651381,
        "Philadelphia": 1682.3303706805546,
        "Allegheny": 301.92589209505553,
        "Cambria": 85.28169881744856,
        "Schuylkill": 49.956714936945616,
        "Northampton": 205.1018093418487,
        "Monroe": 31.746813958592774,
        "Luzerne": 37.50714034025694,
        "Erie": 50.412259755092876,
        "Warren": 33.0437681917868
      }
    }
  },
  "2012": {
    "KY": {
      "A": {},
      "B": {
        "Logan": 38.16624422919973,
        "McCreary": 82.99313514767732,
        "Whitley": 166.95393114748418,
        "Bell": 114.71633988780735,
        "Harlan": 155.7598784586594,
        "Knott": 43.38731635485496,
        "Lee": 47.183633220497036,
        "Floyd": 38.49090469333646,
        "Johnson": 40.145489165886815,
        "Powell": 48.44139929869756,
        "Jessamine": 92.64100163973859,
        "Carter": 151.65974577346887,
        "Boyd": 129.22277356217256
      }
    },
    "VA": {
      "A": {},
      "B": {
        "Mecklenburg": 40.73979697769061,
        "Tazewell": 80.84533596847635,
        "Buchanan": 68.00691124518654,
        "Giles": 95.17198766855792,
        "Chesterfield": 93.62027807876323,
        "Prince William": 160.95630347847523,
        "Shenandoah": 35.21853994766803
      }
    },
    "WV": {
      "A": {},
      "B": {
        "Mercer": 107.45368771621477,
        "Raleigh": 162.0733968594439,
        "Logan": 81.52322005288639,
        "Kanawha": 152.02644817244686,
        "Nicholas": 73.6292034020834,
        "Marion": 45.39545722587598,
        "Morgan": 37.19835138280533
      }
    },
    "OH": {
      "A": {},
      "B": {
        "Scioto": 169.98843069345506,
        "Hamilton": 289.866251388908,
        "Athens": 51.68976789593342,
        "Franklin": 513.6899943137963,
        "Guernsey": 39.65094185622438,
        "Hardin": 46.80986333321255,
        "Allen": 58.52872870440474,
        "Richland": 54.06734520141873,
        "Ashland": 39.46375059677013,
        "Mahoning": 90.61270367603109,
        "Cuyahoga": 93.698592560654,
        "Wood": 196.8238434150188,
        "Ottawa": 160.31169560233215,
        "Lorain": 122.79682453524374,
        "Lake": 62.94999298249258,
        "Geauga": 59.374477181659884,
        "Ashtabula": 51.24153166382863
      }
    },
    "PA": {
      "A": {},
      "B": {
        "York": 89.02205906575864,
        "Philadelphia": 1451.39537020687,
        "Allegheny": 265.14165843469266,
        "Cambria": 43.36830387780579,
        "Schuylkill": 44.74229351189419,
        "Northampton": 138.74095800039814,
        "Monroe": 33.764126437136284,
        "Bradford": 33.791032517043
      }
    }
  },
  "2013": {
    "KY": {
      "A": {},
      "B": {
        "Allen": 36.140351615170374,
        "Whitley": 132.53577303739235,
        "Bell": 61.41896750128815,
        "Harlan": 58.81632940346698,
        "Warren": 34.84118363843765,
        "Pulaski": 70.50131622039159,
        "Perry": 73.54111450541079,
        "Pike": 79.7421237535079,
        "Madison": 223.85148344568043,
        "Magoffin": 62.15686958144382,
        "Montgomery": 161.14356705771326,
        "Scott": 127.96818113025687
      }
    },
    "VA": {
      "A": {},
      "B": {
        "Virginia Beach City": 40.30349273729485,
        "Wythe": 37.63030764313044,
        "Wise": 110.3278302635841,
        "Newport News City": 34.81605201742242,
        "Tazewell": 115.93790486948228,
        "Richmond City": 130.90626742843926,
        "Fairfax": 167.36307856871366
      }
    },
    "WV": {
      "A": {},
      "B": {
        "Mercer": 132.60897485225848,