{
  "start": {
    "KY": {
      "Bell": [
        -83.67399999999999,
        36.7307,
        99.6168999991923
      ],
      "Harlan": [
        -83.2179,
        36.857,
        94.08626558886331
      ],
      "Boyd": [
        -82.6877,
        38.3596,
        121.6639803595702
      ]
    },
    "VA": {
      "Tazewell": [
        -81.5606,
        37.125,
        81.54843882928066
      ],
      "Chesterfield": [
        -77.5835,
        37.3765,
        71.23621836307535
      ],
      "Prince William": [
        -77.4819,
        38.7054,
        84.80662040358625
      ]
    },
    "WV": {
      "Mercer": [
        -81.1114,
        37.4055,
        103.74847549062373
      ],
      "Raleigh": [
        -81.2486,
        37.7714,
        123.69351306966507
      ],
      "Nicholas": [
        -80.7993,
        38.2917,
        68.05123144383765
      ]
    },
    "OH": {
      "Hamilton": [
        -84.5426,
        39.1954,
        345.967875590968
      ],
      "Wood": [
        -83.62299999999999,
        41.3617,
        177.80973296053483
      ],
      "Ottawa": [
        -83.1467,
        41.5381,
        156.82399606492032
      ]
    },
    "PA": {
      "Philadelphia": [
        -75.1338,
        40.0076,
        1246.9162061330946
      ],
      "Allegheny": [
        -79.9812,
        40.4688,
        237.2387663015611
      ],
      "Northampton": [
        -75.3074,
        40.7543,
        99.55399801232716
      ]
    }
  },
  "potential": {
    "KY": {},
    "VA": {},
    "WV": {},
    "OH": {},
    "PA": {}
  }
}