{
  "start": {
    "VA": {
      "Richmond City": [
        -77.42,
        37.5362,
        236.65002512844086
      ],
      "Prince William": [
        -77.4819,
        38.7054,
        137.91862965299313
      ]
    },
    "OH": {
      "Hamilton": [
        -84.5426,
        39.1954,
        3076.7281262839992
      ],
      "Mahoning": [
        -80.7753,
        41.0146,
        403.7563733027053
      ],
      "Cuyahoga": [
        -81.6587,
        41.4243,
        1716.7741046459905
      ]
    },
    "WV": {
      "Berkeley": [
        -78.0275,
        39.4641,
        110.99830800020267
      ],
      "Kanawha": [
        -81.5281,
        38.3365,
        157.00284376540202
      ],
      "Harrison": [
        -80.3798,
        39.2835,
        109.67132303359449
      ]
    },
    "PA": {
      "Philadelphia": [
        -75.1338,
        40.0076,
        3905.3382820584675
      ],
      "Allegheny": [
        -79.9812,
        40.4688,
        2969.7500179351937
      ],
      "Luzerne": [
        -75.9889,
        41.1772,
        581.7768832288077
      ]
    },
    "KY": {}
  },
  "potential": {
    "VA": {},
    "OH": {},
    "WV": {},
    "PA": {},
    "KY": {}
  }
}